0,1,2,3,4,5,6,7,8,9,10,11,12,13,14,15,16,17,18,19,20,21,22,23,24,25,26,27,28,29,30,31,32,33,34,35,36,37,38,39,40,41,42,43,44,45,46,47,48,49,50,51,52,53,54,55,56,57,58,59,60,61,62
0.008646835573017597,0.08196300268173218,-0.036359697580337524,0.031309448182582855,0.05579410493373871,-0.02189868874847889,0.045965906232595444,0.03220900893211365,-0.0069837686605751514,0.05780233070254326,0.003451727330684662,0.013269375078380108,0.062015727162361145,-0.017292559146881104,0.03287589177489281,0.02137036807835102,-0.005024381913244724,0.012332451529800892,0.017981920391321182,-0.031038887798786163,0.013594737276434898,0.01649886928498745,-0.04575815796852112,0.006964914500713348,0.016587816178798676,-0.05582968145608902,-0.008592095226049423,0.002574577461928129,-0.004903410095721483,0.005001825746148825,0.0036834680940955877,-0.03410210460424423,0.007193812169134617,0.005573864560574293,-0.0518912635743618,-0.0025405206251889467,0.009201805107295513,-0.06268904358148575,-0.02112344652414322,-0.014784698374569416,0.001910251914523542,-0.007067028433084488,-0.013658990152180195,-0.02731551043689251,-0.0050279973074793816,-0.010711804032325745,-0.04829586669802666,-0.014843763783574104,-0.006739398464560509,-0.06358640640974045,-0.02614329569041729,-0.026614166796207428,0.012728529050946236,-0.022474559023976326,-0.03978417068719864,-0.009991579689085484,-0.020832911133766174,-0.04754061996936798,-0.03323154151439667,-0.01878473162651062,-0.050838422030210495,-0.05228770524263382,-0.01842879131436348
0.009911998175084591,0.07750961929559708,-0.017370497807860374,0.033296044915914536,0.04858973249793053,-0.010690656490623951,0.049388084560632706,0.022307010367512703,-0.005386484786868095,0.056954480707645416,-0.008731259033083916,0.0054346914403140545,0.06378190219402313,-0.032918307930231094,0.01857837662100792,0.02239253744482994,-0.003965931478887796,0.005913143511861563,0.02306162565946579,-0.026218963786959648,0.005026738625019789,0.02383589558303356,-0.04298761487007141,-0.0017421925440430641,0.02699824422597885,-0.0548965223133564,-0.010001846589148045,0.0026828874833881855,-0.0023982145357877016,0.002970482222735882,0.0017871166346594691,-0.028405752032995224,0.0033679313492029905,0.0029760587494820356,-0.049866192042827606,-0.0029769805260002613,0.004244629759341478,-0.06609520316123962,-0.014760082587599754,-0.015928568318486214,0.0034588538110256195,-0.0024610746186226606,-0.018976246938109398,-0.02355366200208664,-0.0013745201285928488,-0.016617251560091972,-0.042664263397455215,-0.004782385658472776,-0.015228502452373505,-0.0573832243680954,-0.013066455721855164,-0.028111198917031288,0.00926247052848339,-0.011425984092056751,-0.036017294973134995,-0.009645848535001278,-0.01002010703086853,-0.04037876054644585,-0.027889598160982132,-0.012878837995231152,-0.04167490452528,-0.04631146788597107,-0.009766570292413235
0.0076262373477220535,0.08155211061239243,0.0008563606534153223,0.03059542179107666,0.05596977472305298,0.0002990124048665166,0.04685349389910698,0.031036365777254105,-0.00388373713940382,0.055168263614177704,-0.0003353024658281356,-0.007387084420770407,0.060602616518735886,-0.02269899658858776,-0.005972540006041527,0.020924655720591545,-0.0059341066516935825,0.0014434136683121324,0.02542920410633087,-0.029199743643403053,-0.0013104298850521445,0.027396779507398605,-0.04731005057692528,-0.005970800761133432,0.033088553696870804,-0.06223437935113907,-0.015343374572694302,0.0025160913355648518,-0.0041075036861002445,0.0015185235533863306,0.004613515920937061,-0.034014299511909485,0.0007589554879814386,0.00774648180231452,-0.056134629994630814,-0.011861663311719894,0.008584056980907917,-0.07444772869348526,-0.027219539508223534,-0.015385840088129044,0.0033494820818305016,-0.0006567294476553798,-0.015740662813186646,-0.02751414105296135,-0.001335853012278676,-0.01334063708782196,-0.04703962430357933,-0.010610346682369709,-0.00830678641796112,-0.06272926181554794,-0.022768495604395866,-0.02867656573653221,0.011614613234996796,-0.006274646148085594,-0.03614922985434532,-0.007414340972900391,-0.0069593158550560474,-0.04050757363438606,-0.024403028190135956,-0.01514504849910736,-0.042399581521749496,-0.04004351794719696,-0.01774495840072632
0.005587918683886528,0.08874403685331345,-0.0017608091002330184,0.03218910098075867,0.0624547079205513,-0.004296473693102598,0.04556061327457428,0.03765454143285751,-0.007897933945059776,0.05491616949439049,0.006000352092087269,-0.014357890002429485,0.06197138503193855,-0.018789052963256836,-0.013199307955801487,0.02267443761229515,-0.0049670301377773285,0.00479671498760581,0.028898416087031364,-0.034214429557323456,-0.0007246473105624318,0.033312443643808365,-0.053278353065252304,-0.009024552069604397,0.036840662360191345,-0.07340461015701294,-0.028976943343877792,0.002755592344328761,-0.005288267973810434,0.0021655189339071512,0.006724111270159483,-0.03987957537174225,-0.0002000453823711723,0.011019449681043625,-0.06668943911790848,-0.014835674315690994,0.014940704219043255,-0.08426833152770996,-0.03667544573545456,-0.015346216037869453,0.0033809973392635584,-0.0023416243493556976,-0.015060042962431908,-0.030463416129350662,-0.007986072450876236,-0.012392670847475529,-0.05489979684352875,-0.019899293780326843,-0.008285309188067913,-0.0732630044221878,-0.036575838923454285,-0.027222437784075737,0.01570097915828228,-0.0107734939083457,-0.036414407193660736,-0.0075201611034572124,-0.01593036577105522,-0.03970243036746979,-0.02573617547750473,-0.026582520455121994,-0.03907128423452377,-0.04182283580303192,-0.039015937596559525
0.00287628173828125,0.09221385419368744,0.0021604232024401426,0.029807444661855698,0.06449848413467407,-0.0004074685275554657,0.04336114600300789,0.03853988274931908,-0.004360778722912073,0.054618507623672485,0.005077484995126724,-0.01112397387623787,0.06140850484371185,-0.020183153450489044,-0.010365097783505917,0.024104297161102295,-0.00607179244980216,0.004767018370330334,0.03036465123295784,-0.03670617565512657,-0.0005138058913871646,0.034304846078157425,-0.055053822696208954,-0.008708031848073006,0.03876730054616928,-0.07329849153757095,-0.029921604320406914,0.0032272478565573692,-0.006028877105563879,0.002548609394580126,0.006306666415184736,-0.040197521448135376,0.0007465539965778589,0.009524570778012276,-0.06862591952085495,-0.01363096572458744,0.013955789618194103,-0.08692210167646408,-0.03699461743235588,-0.016299467533826828,0.0028394260443747044,-0.0025924965739250183,-0.015697069466114044,-0.03043682686984539,-0.007798025384545326,-0.013062884099781513,-0.05499127507209778,-0.022237950935959816,-0.00890154205262661,-0.07073734700679779,-0.036900002509355545,-0.02887178771197796,0.0158366896212101,-0.011387467384338379,-0.03736058622598648,-0.008569935336709023,-0.01580408774316311,-0.03948895260691643,-0.02640705369412899,-0.024607419967651367,-0.03953324258327484,-0.03960338607430458,-0.036843057721853256
-0.00014582951553165913,0.0951748937368393,0.0035449897404760122,0.029583029448986053,0.06589163094758987,-1.037268611980835e-05,0.04313231259584427,0.04101535677909851,-0.007036552298814058,0.0533096119761467,0.009724329225718975,-0.016964491456747055,0.05995280668139458,-0.015934884548187256,-0.019756140187382698,0.024791870266199112,-0.005778613965958357,0.004446445032954216,0.03147602826356888,-0.034874819219112396,-0.003502249252051115,0.035852160304784775,-0.052390001714229584,-0.012914909049868584,0.040848106145858765,-0.07115854322910309,-0.03660168498754501,0.003769968869164586,-0.006298965774476528,0.0025436137802898884,0.007622343022376299,-0.03930094838142395,-0.0005501387640833855,0.011868877336382866,-0.06567486375570297,-0.014818278141319752,0.016932412981987,-0.08361300826072693,-0.04019244387745857,-0.016620144248008728,0.003113018348813057,-0.0020067926961928606,-0.014762120321393013,-0.029062384739518166,-0.008579635061323643,-0.011332905851304531,-0.052206505089998245,-0.02222231775522232,-0.006139105185866356,-0.0680556371808052,-0.04023371636867523,-0.03048240952193737,0.01764238066971302,-0.010355831123888493,-0.03941512852907181,-0.007503526285290718,-0.015515495091676712,-0.041965894401073456,-0.02460494264960289,-0.026869967579841614,-0.0401332825422287,-0.04008850082755089,-0.0413217768073082
-0.00014814361929893494,0.09357237070798874,0.0003604338562581688,0.029023325070738792,0.06470703333616257,-0.00036573532270267606,0.0429827943444252,0.03977970778942108,-0.007014662027359009,0.05358355864882469,0.009219421073794365,-0.01575874723494053,0.06063312292098999,-0.016001896932721138,-0.019378867000341415,0.024932080879807472,-0.005951462313532829,0.005536362063139677,0.03078361600637436,-0.03365149348974228,-0.002253148937597871,0.03549643233418465,-0.05217783525586128,-0.011151060461997986,0.040684834122657776,-0.06945766508579254,-0.03506308048963547,0.003629663959145546,-0.0061987112276256084,0.002877855906262994,0.007072713691741228,-0.03809036314487457,-0.000482504372484982,0.01131773367524147,-0.0645098090171814,-0.014436250552535057,0.016275495290756226,-0.08188684284687042,-0.03880038112401962,-0.01689743995666504,0.003345311852172017,-0.0026886581908911467,-0.015116765163838863,-0.028764909133315086,-0.008905740454792976,-0.01244163978844881,-0.05233917385339737,-0.022189659997820854,-0.006775726098567247,-0.06796849519014359,-0.038608431816101074,-0.030656244605779648,0.016827935352921486,-0.012234630063176155,-0.03912696987390518,-0.007911060936748981,-0.015821514651179314,-0.041680701076984406,-0.02575177140533924,-0.026812657713890076,-0.0402882844209671,-0.041418276727199554,-0.04135444387793541
-0.0009572362760081887,0.09408611059188843,0.003653518855571747,0.02850179746747017,0.06565314531326294,0.0008368901908397675,0.04239901900291443,0.04080575332045555,-0.006473348010331392,0.052846454083919525,0.010145825333893299,-0.016820844262838364,0.059738412499427795,-0.014705648645758629,-0.02149360440671444,0.02537607215344906,-0.006338588427752256,0.005041740369051695,0.0313214436173439,-0.03415645658969879,-0.0031514219008386135,0.03635299205780029,-0.05195444077253342,-0.012066271156072617,0.04206860437989235,-0.06915489584207535,-0.035692982375621796,0.003695165039971471,-0.006355429533869028,0.0026820406783372164,0.007632764056324959,-0.038417231291532516,-0.0014990848721936345,0.011995797976851463,-0.06414686143398285,-0.015988847240805626,0.01806010864675045,-0.08074143528938293,-0.039856527000665665,-0.0172684695571661,0.003412423888221383,-0.0024703710805624723,-0.01504339650273323,-0.028713447973132133,-0.009640530683100224,-0.01168726198375225,-0.051761239767074585,-0.023296188563108444,-0.00609961524605751,-0.06724235415458679,-0.03991497680544853,-0.03134270757436752,0.017217811197042465,-0.011487229727208614,-0.03916019946336746,-0.007557486649602652,-0.01584422029554844,-0.04154186695814133,-0.025005850940942764,-0.027122486382722855,-0.03957008197903633,-0.04022291675209999,-0.04239141568541527
-0.004912426695227623,0.09324230998754501,0.0012400919804349542,0.024909669533371925,0.06633824855089188,-0.001999370288103819,0.041012972593307495,0.04167579486966133,-0.008737415075302124,0.05284634605050087,0.010582740418612957,-0.017382768914103508,0.060211505740880966,-0.013886374421417713,-0.020004956051707268,0.02557455562055111,-0.005346223246306181,0.004009892698377371,0.03226282447576523,-0.03308027610182762,-0.004311032127588987,0.03775036334991455,-0.05117050185799599,-0.013012067414820194,0.04326564073562622,-0.0673956647515297,-0.036945946514606476,0.00390035891905427,-0.006260372698307037,0.002566362963989377,0.009265988133847713,-0.03883044794201851,-0.0007345931953750551,0.014098958112299442,-0.06356733292341232,-0.015787186101078987,0.019787386059761047,-0.07981033623218536,-0.03962496668100357,-0.017323924228549004,0.002635473385453224,-0.001638831221498549,-0.01460940670222044,-0.02966386079788208,-0.008389437571167946,-0.011430858634412289,-0.052567850798368454,-0.021901238709688187,-0.0059659406542778015,-0.06727864593267441,-0.03852623328566551,-0.03235795721411705,0.01599794626235962,-0.010247595608234406,-0.03993690386414528,-0.008865869604051113,-0.014077376574277878,-0.04221857711672783,-0.02606477215886116,-0.02560518868267536,-0.04113106057047844,-0.040294621139764786,-0.04075292870402336
-0.011745408177375793,0.09091763943433762,0.008428674191236496,0.020673207938671112,0.06697367876768112,0.0013006746303290129,0.03880418837070465,0.044306639581918716,-0.008126071654260159,0.05409428849816322,0.01499579381197691,-0.020605435594916344,0.062433503568172455,-0.008267231285572052,-0.023848649114370346,0.0265075471252203,-0.0031972555443644524,0.0028802037704735994,0.03525477275252342,-0.030524708330631256,-0.006092696450650692,0.04125897213816643,-0.046508170664310455,-0.016819152981042862,0.047193631529808044,-0.06154388189315796,-0.042880285531282425,0.004416992887854576,-0.005912018474191427,0.002142413519322872,0.011728962883353233,-0.03931378200650215,-0.0024535791017115116,0.018356800079345703,-0.06289797276258469,-0.01775784231722355,0.023850593715906143,-0.07924787700176239,-0.04341420158743858,-0.017962317913770676,0.0009134551510214806,-0.0006323434063233435,-0.013411685824394226,-0.0314260758459568,-0.00911735650151968,-0.0085692647844553,-0.053653549402952194,-0.02421306073665619,-0.0030425754375755787,-0.0692044198513031,-0.04429296776652336,-0.033566586673259735,0.013524012640118599,-0.008185287937521935,-0.0405203178524971,-0.01173245720565319,-0.013847427442669868,-0.04281400516629219,-0.028022073209285736,-0.026096738874912262,-0.043038785457611084,-0.04261672869324684,-0.0427539125084877
-0.018275409936904907,0.09122764319181442,0.0054349135607481,0.01616230607032776,0.07037611305713654,-0.0014466856373474002,0.03563002496957779,0.04982346296310425,-0.01255159080028534,0.05324419587850571,0.02061329036951065,-0.025057777762413025,0.06510511040687561,-0.00022740010172128677,-0.026600098237395287,0.02710220031440258,7.208879105746746e-05,0.0008967613102868199,0.03821909800171852,-0.02642790600657463,-0.006949196569621563,0.04654892534017563,-0.04282524809241295,-0.017172610387206078,0.054531387984752655,-0.05765519291162491,-0.04466371610760689,0.004983797669410706,-0.005197949707508087,0.0020001595839858055,0.015594495460391045,-0.0378662571310997,-0.0005015385104343295,0.025252200663089752,-0.06188248470425606,-0.01606595516204834,0.0333925224840641,-0.07703419029712677,-0.042268507182598114,-0.01867133006453514,-0.0013438514433801174,0.0002934308140538633,-0.011314304545521736,-0.03277181461453438,-0.00708098104223609,-0.0048487489111721516,-0.05487397685647011,-0.021918226033449173,0.002252263016998768,-0.06966304779052734,-0.04124801233410835,-0.035514842718839645,0.009784325025975704,-0.0060704112984240055,-0.04120337963104248,-0.015448498539626598,-0.011419219896197319,-0.042571861296892166,-0.0318952277302742,-0.02459949441254139,-0.041952043771743774,-0.046210046857595444,-0.04160717874765396
-0.02044691890478134,0.09293615072965622,0.004022650886327028,0.013650740496814251,0.07311690598726273,-0.0024460142012685537,0.033426497131586075,0.05433201417326927,-0.0129832923412323,0.05154506117105484,0.025984453037381172,-0.02278289571404457,0.06317397952079773,0.006175720598548651,-0.02477901056408882,0.02670874074101448,0.0011077392846345901,0.0005912384367547929,0.0382874496281147,-0.02486751787364483,-0.005687581840902567,0.04683792218565941,-0.04143056645989418,-0.015151109546422958,0.05615391582250595,-0.05721798166632652,-0.039913713932037354,0.005240931175649166,-0.005204642657190561,0.0020455147605389357,0.016865598037838936,-0.03612685576081276,0.000208729223231785,0.027814794331789017,-0.060390494763851166,-0.013416366651654243,0.0383167639374733,-0.07674533873796463,-0.03899358958005905,-0.01827072538435459,-0.002144631464034319,0.0007465978269465268,-0.00962812826037407,-0.032194897532463074,-0.0053846873342990875,-0.0023827310651540756,-0.05462510138750076,-0.019820651039481163,0.004692274145781994,-0.07061318308115005,-0.03904348611831665,-0.035217177122831345,0.00887606292963028,-0.0053746807388961315,-0.0403282567858696,-0.016382407397031784,-0.009930220432579517,-0.042163025587797165,-0.03310593217611313,-0.022905457764863968,-0.041903551667928696,-0.04771178215742111,-0.04057687520980835
-0.020367378368973732,0.09502919763326645,0.010184994898736477,0.012653768993914127,0.07599010318517685,-0.0011097078677266836,0.03111894056200981,0.05781380087137222,-0.014279324561357498,0.048540666699409485,0.029923144727945328,-0.027479499578475952,0.06210247427225113,0.009451981633901596,-0.03194871544837952,0.027479611337184906,0.0013080374337732792,-5.414828774519265e-05,0.03722395747900009,-0.025347977876663208,-0.008502460084855556,0.045329056680202484,-0.04109134152531624,-0.01942569389939308,0.05373528599739075,-0.05641432851552963,-0.04776659607887268,0.005690471269190311,-0.005768613889813423,0.002234575105831027,0.017529617995023727,-0.03659077733755112,-0.0014433078467845917,0.028573106974363327,-0.06057926267385483,-0.01800423301756382,0.03947415202856064,-0.07530418783426285,-0.046177156269550323,-0.018728360533714294,-0.00221873726695776,0.0010474917944520712,-0.009472712874412537,-0.03325043246150017,-0.006919233128428459,-0.0017863567918539047,-0.055714674293994904,-0.022539477795362473,0.005810168571770191,-0.0708620548248291,-0.044196199625730515,-0.03693540394306183,0.00985129363834858,-0.0051506394520401955,-0.041233718395233154,-0.016354495659470558,-0.009623491205275059,-0.04150613024830818,-0.033576931804418564,-0.0233457013964653,-0.03986341506242752,-0.047159116715192795,-0.04228314012289047
-0.020103218033909798,0.09494103491306305,0.00919730681926012,0.013455004431307316,0.07530136406421661,-0.0018628123216331005,0.03223869204521179,0.057416681200265884,-0.015395944938063622,0.04940470680594444,0.030745552852749825,-0.02902095578610897,0.06284631043672562,0.0098335612565279,-0.03453218936920166,0.027137059718370438,0.0009412262588739395,1.709266143734567e-05,0.03726182132959366,-0.025950778275728226,-0.008373278193175793,0.04497254639863968,-0.041529200971126556,-0.020698480308055878,0.053092919290065765,-0.05714714899659157,-0.04967379942536354,0.005436049774289131,-0.006008867174386978,0.002131171291694045,0.017919830977916718,-0.03683977574110031,-0.0013323220191523433,0.029157470911741257,-0.06134814769029617,-0.017926789820194244,0.03959982097148895,-0.07649686932563782,-0.0475822389125824,-0.018355922773480415,-0.0022246399894356728,0.0013330660294741392,-0.008146023377776146,-0.032352279871702194,-0.007426009979099035,-0.000927967019379139,-0.054849207401275635,-0.025162287056446075,0.006879835389554501,-0.06964300572872162,-0.049136534333229065,-0.035969026386737823,0.010270858183503151,-0.004780155140906572,-0.03988966345787048,-0.015361914411187172,-0.011341486126184464,-0.040243182331323624,-0.03270267695188522,-0.026454424485564232,-0.03770538046956062,-0.0454632043838501,-0.04757501557469368
-0.018954014405608177,0.0942651703953743,0.004375207703560591,0.014916789717972279,0.07416434586048126,-0.00473004998639226,0.034058261662721634,0.055637847632169724,-0.016396809369325638,0.05248275771737099,0.027666296809911728,-0.02653559111058712,0.06553175300359726,0.006711870897561312,-0.028289107605814934,0.027193250134587288,0.0007699821144342422,0.0001390453107887879,0.03650985285639763,-0.02585509419441223,-0.0070204418152570724,0.04411149397492409,-0.0426020510494709,-0.018644096329808235,0.05180425941944122,-0.05775747075676918,-0.047222599387168884,0.005343019962310791,-0.005415734369307756,0.0022386261261999607,0.01731582172214985,-0.03653185814619064,-7.804125925758854e-05,0.028500724583864212,-0.06186540424823761,-0.0163029283285141,0.038215771317481995,-0.07780244201421738,-0.044278502464294434,-0.018543774262070656,-0.002235968131572008,0.0008979645208455622,-0.008354181423783302,-0.03250960633158684,-0.006492807064205408,-0.0011293115094304085,-0.055107127875089645,-0.02325371839106083,0.007074037101119757,-0.07080880552530289,-0.04548068344593048,-0.035987161099910736,0.009143244475126266,-0.0060713030397892,-0.03975763916969299,-0.016010135412216187,-0.01127266138792038,-0.039777521044015884,-0.033236585557460785,-0.02558305487036705,-0.037395983934402466,-0.04695839434862137,-0.04549260437488556
-0.016999950632452965,0.09506577253341675,0.007556317839771509,0.015592741779983044,0.07489265501499176,-0.003902736585587263,0.03496332839131355,0.05602201819419861,-0.015049278736114502,0.05264719948172569,0.027637772262096405,-0.02575419656932354,0.0650453120470047,0.006319891195744276,-0.028245558962225914,0.02769402600824833,0.0006140428595244884,-0.0010144958505406976,0.036512453109025955,-0.0269318800419569,-0.008304865099489689,0.04357903450727463,-0.04370802268385887,-0.020104892551898956,0.05099841579794884,-0.06007591262459755,-0.04728971794247627,0.005343780852854252,-0.005608011968433857,0.001996810082346201,0.016426507383584976,-0.03771733120083809,-0.001402786816470325,0.026622958481311798,-0.06310883909463882,-0.017360635101795197,0.03595118224620819,-0.07922059297561646,-0.04635252803564072,-0.018563685938715935,-0.0020388378761708736,0.0016635946230962873,-0.009557733312249184,-0.03350841626524925,-0.00554771488532424,-0.0022784778848290443,-0.05605034530162811,-0.022172724828124046,0.005289562977850437,-0.07133542746305466,-0.044812899082899094,-0.03635145351290703,0.010249686427414417,-0.0039044341538101435,-0.0406421534717083,-0.015606816858053207,-0.009516797959804535,-0.04138263687491417,-0.033269599080085754,-0.02375059947371483,-0.04003447666764259,-0.04708386957645416,-0.042970359325408936
-0.014469221234321594,0.09333854913711548,0.010062566958367825,0.01691484823822975,0.07300209999084473,-0.0026442708913236856,0.03645701706409454,0.053337156772613525,-0.014804919250309467,0.05368629842996597,0.025278205052018166,-0.027000704780220985,0.06557250767946243,0.004117440897971392,-0.0293323565274477,0.02742513082921505,0.0004423800855875015,-0.0016327096382156014,0.035929951816797256,-0.02776411548256874,-0.009060571901500225,0.04239894449710846,-0.04435170069336891,-0.02074221335351467,0.04919300973415375,-0.060806676745414734,-0.0469212532043457,0.005226542241871357,-0.005304477643221617,0.0017164201708510518,0.015585782006382942,-0.03762393072247505,-0.001533095259219408,0.025552840903401375,-0.06262386590242386,-0.017215091735124588,0.034788552671670914,-0.07904741168022156,-0.04566395655274391,-0.01861416921019554,-0.0016105991089716554,0.0022602654062211514,-0.010313600301742554,-0.033135030418634415,-0.004714531358331442,-0.003231148235499859,-0.05495939776301384,-0.0209236741065979,0.0037637799978256226,-0.07028853893280029,-0.04197094216942787,-0.03610927239060402,0.010443348437547684,-0.0022672745399177074,-0.04131648689508438,-0.015278887003660202,-0.007988459430634975,-0.04231353849172592,-0.03269965574145317,-0.02233281545341015,-0.04065786302089691,-0.04649847000837326,-0.04012905806303024
-0.012852209620177746,0.0920901745557785,0.010173393413424492,0.01862848550081253,0.07074876874685287,0.0007023271755315363,0.038294341415166855,0.0502910241484642,-0.009895763359963894,0.0551772266626358,0.021749936044216156,-0.021060647442936897,0.0668209120631218,0.00034782756119966507,-0.022341575473546982,0.02746049501001835,-0.00042195385321974754,-0.0003388206532690674,0.03609082102775574,-0.029082950204610825,-0.007262733299285173,0.04198973998427391,-0.046375758945941925,-0.0177263543009758,0.048550356179475784,-0.0638749897480011,-0.04054833576083183,0.00514310784637928,-0.005292207933962345,0.0016899469774216413,0.013720419257879257,-0.03836144134402275,-0.001076817512512207,0.021750174462795258,-0.0630328506231308,-0.015425514429807663,0.029323507100343704,-0.0804443508386612,-0.040819551795721054,-0.018367428332567215,-0.0008083682041615248,0.0014045541174709797,-0.013067521154880524,-0.03217454254627228,-0.00487178098410368,-0.00699219387024641,-0.05378327891230583,-0.019833646714687347,-0.0017705438658595085,-0.0682593360543251,-0.037701256573200226,-0.03589015454053879,0.0117145711556077,-0.002768124919384718,-0.042329177260398865,-0.013777067884802818,-0.008512322790920734,-0.04408619552850723,-0.030532371252775192,-0.022086696699261665,-0.04334058240056038,-0.0427350252866745,-0.03805234655737877
-0.008787190541625023,0.09017404913902283,0.01634611003100872,0.02230498380959034,0.06589532643556595,0.006680563557893038,0.040950678288936615,0.04518427327275276,-0.004475558642297983,0.05647442489862442,0.0170181542634964,-0.01745164394378662,0.06644594669342041,-0.007333650253713131,-0.02062554843723774,0.026866493746638298,-0.0023797256872057915,0.0012340883258730173,0.03619152680039406,-0.02967824973165989,-0.0072132800705730915,0.041737183928489685,-0.04669640213251114,-0.017355944961309433,0.04794250428676605,-0.06255919486284256,-0.04333638772368431,0.005017642397433519,-0.005351457744836807,0.0019105743849650025,0.011597126722335815,-0.03779203072190285,-0.002597545273602009,0.018249545246362686,-0.06215647608041763,-0.016360709443688393,0.023198239505290985,-0.07948591560125351,-0.04260418564081192,-0.017894944176077843,0.000840869965031743,3.178932092851028e-05,-0.015250740572810173,-0.03042811155319214,-0.00733791571110487,-0.010708311572670937,-0.05230710282921791,-0.020723538473248482,-0.005766802467405796,-0.0691172257065773,-0.039881933480501175,-0.03398050367832184,0.014488870278000832,-0.005580056458711624,-0.04326848313212395,-0.010130858048796654,-0.010735209099948406,-0.04786340519785881,-0.02695557102560997,-0.02257334068417549,-0.04826294258236885,-0.03925250843167305,-0.03825467824935913
-0.004689987748861313,0.0889376550912857,0.023452315479516983,0.025562545284628868,0.06301523000001907,0.01312600914388895,0.04346771538257599,0.0416891872882843,0.00011206003546249121,0.05744433030486107,0.013024672865867615,-0.017970263957977295,0.06538448482751846,-0.01166304387152195,-0.02475016377866268,0.02664319798350334,-0.004685673862695694,0.0021214568987488747,0.03429551050066948,-0.0320684090256691,-0.006939009763300419,0.04001536965370178,-0.049733083695173264,-0.017205383628606796,0.04681206867098808,-0.06589201837778091,-0.04335532337427139,0.004521974362432957,-0.006071179173886776,0.001913471962325275,0.007962962612509727,-0.03898991644382477,-0.0032263551838696003,0.014276597648859024,-0.06344243139028549,-0.01600532792508602,0.018937017768621445,-0.08136684447526932,-0.04049057513475418,-0.017702851444482803,0.002184237353503704,-0.0006929531809873879,-0.018592923879623413,-0.02848636545240879,-0.009425364434719086,-0.015282509848475456,-0.0519372783601284,-0.02276601642370224,-0.010654469951987267,-0.06957521289587021,-0.04078839719295502,-0.03288871794939041,0.017972320318222046,-0.006636862177401781,-0.043822966516017914,-0.005370483733713627,-0.01192034687846899,-0.04888427257537842,-0.02286720648407936,-0.025287708267569542,-0.04955218359827995,-0.03634820133447647,-0.04163796082139015
-0.0011906740255653858,0.08907157927751541,0.02335997484624386,0.028227277100086212,0.06086251139640808,0.01418052427470684,0.04504084959626198,0.03829950839281082,0.0017728497041389346,0.05707370862364769,0.008772876113653183,-0.016483312472701073,0.06332368403673172,-0.01577235758304596,-0.022210432216525078,0.02634311094880104,-0.006644640117883682,0.002981239464133978,0.03310192748904228,-0.03385760262608528,-0.006686629727482796,0.03854509815573692,-0.05123157426714897,-0.017394516617059708,0.04595468193292618,-0.06658606976270676,-0.04347386583685875,0.004109786357730627,-0.006115307565778494,0.0018065162003040314,0.006432712078094482,-0.04008590802550316,-0.0038738439325243235,0.011873734183609486,-0.06419197469949722,-0.017261838540434837,0.01668216474354267,-0.08181889355182648,-0.04204753413796425,-0.01772795245051384,0.003231413196772337,-0.0014611099613830447,-0.019172873347997665,-0.02807309851050377,-0.009988605976104736,-0.01671636290848255,-0.05276554077863693,-0.024023136124014854,-0.011933824047446251,-0.07136338949203491,-0.042254623025655746,-0.0318123996257782,0.019866984337568283,-0.007824059575796127,-0.043783657252788544,-0.0031683396082371473,-0.013040308840572834,-0.04988140985369682,-0.02139744535088539,-0.026177793741226196,-0.050655215978622437,-0.03672751039266586,-0.04264942184090614
-0.0012935423292219639,0.08962023258209229,0.016105230897665024,0.028134599328041077,0.05926775187253952,0.009962000884115696,0.04445846006274223,0.0357464924454689,-0.00038171670166775584,0.05620022490620613,0.006031207274645567,-0.015170159749686718,0.06333252042531967,-0.017490703612565994,-0.01867872104048729,0.026110121980309486,-0.007054238114506006,0.0040536499582231045,0.033540427684783936,-0.03466147184371948,-0.00515743438154459,0.03829747810959816,-0.052193783223629,-0.01565203256905079,0.04670381173491478,-0.06783343106508255,-0.042101334780454636,0.004223668482154608,-0.0058166938833892345,0.002226541517302394,0.006238678470253944,-0.03984963148832321,-0.003318607108667493,0.01244300976395607,-0.06352677196264267,-0.016370173543691635,0.016803855076432228,-0.08182460069656372,-0.0413978137075901,-0.0180421844124794,0.0037637220229953527,-0.0020479753147810698,-0.018742777407169342,-0.027637019753456116,-0.010424871928989887,-0.016669727861881256,-0.05246560648083687,-0.024978458881378174,-0.012069894932210445,-0.07133583724498749,-0.044088829308748245,-0.03184336796402931,0.019390704110264778,-0.009958741255104542,-0.043859969824552536,-0.003340622643008828,-0.015281474217772484,-0.05040181055665016,-0.021129019558429718,-0.02776503749191761,-0.050996724516153336,-0.03737902268767357,-0.04307710751891136
-0.002497234381735325,0.0880805179476738,0.027274958789348602,0.02785768173635006,0.0591060109436512,0.01712498813867569,0.044265832751989365,0.03693712130188942,0.003648225450888276,0.056253086775541306,0.00773098599165678,-0.015330982394516468,0.06357445567846298,-0.015196854248642921,-0.022993002086877823,0.02615906111896038,-0.007360604591667652,0.0033258467447012663,0.03407957777380943,-0.03502278029918671,-0.007410572376102209,0.03934786841273308,-0.05235084891319275,-0.018375618383288383,0.04701044782996178,-0.06832727789878845,-0.04373696446418762,0.004068457521498203,-0.005788307171314955,0.0018230474088340998,0.0068466863594949245,-0.040995433926582336,-0.004582970403134823,0.012148451060056686,-0.06500466167926788,-0.019096920266747475,0.017491981387138367,-0.08195553719997406,-0.04403674602508545,-0.018362486734986305,0.0038111142348498106,-0.0015774744097143412,-0.018917767331004143,-0.028160670772194862,-0.010553174652159214,-0.017234494909644127,-0.05363045260310173,-0.02522968128323555,-0.012001545168459415,-0.07300848513841629,-0.04412056505680084,-0.032115597277879715,0.02052249386906624,-0.007457405794411898,-0.044638920575380325,-0.0025615072809159756,-0.014204071834683418,-0.05081766098737717,-0.021103234961628914,-0.026074374094605446,-0.051389556378126144,-0.038258131593465805,-0.04243837669491768
-0.00371091952547431,0.0876881554722786,0.01792706549167633,0.026815926656126976,0.05932885780930519,0.010516413487493992,0.043999429792165756,0.037357430905103683,-9.819873957894742e-05,0.05750003829598427,0.009161625057458878,-0.014166172593832016,0.06565243005752563,-0.014109276235103607,-0.016167551279067993,0.026656417176127434,-0.005035288631916046,0.003548919688910246,0.035005077719688416,-0.031821947544813156,-0.005462026689201593,0.04034742712974548,-0.04912349209189415,-0.016726862639188766,0.04894370585680008,-0.06396020203828812,-0.04296785965561867,0.004585647955536842,-0.005302883218973875,0.002300160937011242,0.008093307726085186,-0.03923992067575455,-0.0027115477714687586,0.014630748890340328,-0.06264013051986694,-0.01651490479707718,0.01962439902126789,-0.08046367764472961,-0.041350141167640686,-0.01823160983622074,0.0027629754040390253,-0.002004028996452689,-0.01828574761748314,-0.02823987975716591,-0.009573239833116531,-0.0160986240953207,-0.05327065289020538,-0.023561784997582436,-0.01092142891138792,-0.07228276878595352,-0.04246504604816437,-0.03240738809108734,0.017719030380249023,-0.00920687336474657,-0.04522028565406799,-0.004588036332279444,-0.014015554450452328,-0.052884541451931,-0.022844504565000534,-0.026291346177458763,-0.05423339828848839,-0.03765036165714264,-0.04152983799576759
-0.005271808244287968,0.08667367696762085,0.023094292730093002,0.02562066912651062,0.05985245853662491,0.012527181766927242,0.04441412165760994,0.037608757615089417,0.001324201701208949,0.059143904596567154,0.008874017745256424,-0.014855662360787392,0.06734706461429596,-0.014773201197385788,-0.01742422953248024,0.0272932518273592,-0.004891106393188238,0.002061364008113742,0.035268574953079224,-0.03183446452021599,-0.007024666294455528,0.041451577097177505,-0.04985687509179115,-0.018181901425123215,0.05044575780630112,-0.06449027359485626,-0.04398379102349281,0.004692226182669401,-0.005541809368878603,0.001911595812998712,0.008054508827626705,-0.04052922874689102,-0.003098125336691737,0.01550908200442791,-0.06347236782312393,-0.016490424051880836,0.020714066922664642,-0.08074529469013214,-0.0411253459751606,-0.018476851284503937,0.0025046877562999725,-0.0011491795303300023,-0.019008072093129158,-0.029787171632051468,-0.008220309391617775,-0.01719502918422222,-0.055485304445028305,-0.020975181832909584,-0.012437894009053707,-0.07482325285673141,-0.0390620119869709,-0.03323141857981682,0.017538532614707947,-0.006987220607697964,-0.04595370218157768,-0.0050690569914877415,-0.011725555174052715,-0.05303829535841942,-0.023728827014565468,-0.0234675332903862,-0.05562996864318848,-0.03807588666677475,-0.03838290646672249
-0.0019351497758179903,0.0821116641163826,0.016089273616671562,0.02796120196580887,0.05605093389749527,0.0075678895227611065,0.0471639409661293,0.033975690603256226,0.00020401054644025862,0.06261413544416428,0.005346870981156826,-0.010901698842644691,0.07107359915971756,-0.01836443692445755,-0.00921203289180994,0.027408713474869728,-0.004791848827153444,0.0024437718093395233,0.03496623784303665,-0.03019782528281212,-0.005532878916710615,0.04149007797241211,-0.04848722368478775,-0.015955477952957153,0.05136558786034584,-0.06166590377688408,-0.04204699769616127,0.004568609409034252,-0.004978282377123833,0.0024807194713503122,0.007348045706748962,-0.0383676253259182,-0.0030748716089874506,0.015147374011576176,-0.059413399547338486,-0.015979047864675522,0.020804302766919136,-0.07646983116865158,-0.04176361486315727,-0.01824161596596241,0.00225088931620121,-0.0009636718314141035,-0.020937098190188408,-0.028013665229082108,-0.007447660434991121,-0.018167531117796898,-0.05261286348104477,-0.020805230364203453,-0.01314939558506012,-0.07028955221176147,-0.038846589624881744,-0.032781463116407394,0.015892107039690018,-0.008216227404773235,-0.0466909296810627,-0.0051596760749816895,-0.011037645861506462,-0.05516498163342476,-0.023421579971909523,-0.02224033884704113,-0.05929092690348625,-0.036184582859277725,-0.03705546632409096
-0.002008862793445587,0.08058229088783264,0.016526000574231148,0.0279229748994112,0.05527312308549881,0.006990405265241861,0.04693276807665825,0.033957574516534805,7.279752753674984e-05,0.0625787302851677,0.005978879984468222,-0.010180682875216007,0.07106301188468933,-0.016381749883294106,-0.006099464371800423,0.027081992477178574,-0.0043152398429811,0.002754532266408205,0.03500673174858093,-0.029559750109910965,-0.005194988567382097,0.04183998703956604,-0.04678883031010628,-0.016223423182964325,0.052554190158843994,-0.05801473557949066,-0.04198576137423515,0.004859319422394037,-0.0049143447540700436,0.002634483389556408,0.007515569217503071,-0.03793063759803772,-0.003113859100267291,0.015764687210321426,-0.05762718245387077,-0.017008738592267036,0.02264370396733284,-0.0741109848022461,-0.04233741760253906,-0.018437422811985016,0.0021988307125866413,-0.0013943198136985302,-0.02128499187529087,-0.027647776529192924,-0.00752844475209713,-0.017788460478186607,-0.0512402318418026,-0.02039555087685585,-0.012908306904137135,-0.06847185641527176,-0.03970016911625862,-0.03255923464894295,0.015146449208259583,-0.009607638232409954,-0.04778295010328293,-0.005748448893427849,-0.009878968819975853,-0.05715695768594742,-0.023901671171188354,-0.020416023209691048,-0.06190941110253334,-0.03652257099747658,-0.034862007945775986
-0.0014121367130428553,0.07977738231420517,0.01942325569689274,0.027614550665020943,0.056356362998485565,0.008398682810366154,0.04780071601271629,0.035114437341690063,0.0032143269199877977,0.06469126790761948,0.006661646068096161,-0.0067823417484760284,0.07441100478172302,-0.0154896080493927,-0.0012577199377119541,0.026724137365818024,-0.004220515955239534,0.0028800698928534985,0.0349682942032814,-0.030012845993041992,-0.005733270198106766,0.04168425127863884,-0.04722492769360542,-0.01592075079679489,0.05148893967270851,-0.05939585343003273,-0.04150063544511795,0.0048012626357376575,-0.004867700394243002,0.002519292291253805,0.007187713868916035,-0.0384507030248642,-0.004202560056000948,0.01544672530144453,-0.058615200221538544,-0.018165964633226395,0.021015092730522156,-0.07658813148736954,-0.045164380222558975,-0.0182510819286108,0.002004035748541355,-0.001550527405925095,-0.022265534847974777,-0.0279498603194952,-0.007701232563704252,-0.01766280084848404,-0.05162214860320091,-0.02172967419028282,-0.013121519237756729,-0.06878533214330673,-0.04244804382324219,-0.0325012244284153,0.014757165685296059,-0.010338732041418552,-0.04774443060159683,-0.0058637456968426704,-0.010456107556819916,-0.057975172996520996,-0.024489959701895714,-0.020686443895101547,-0.0645991787314415,-0.03724614158272743,-0.03562835976481438
-0.0016703126020729542,0.08190682530403137,0.017420044168829918,0.026836829259991646,0.059511203318834305,0.006560085341334343,0.04803067818284035,0.03895043954253197,0.00025085938978008926,0.06437825411558151,0.011064767837524414,-0.010148106142878532,0.07430050522089005,-0.009571212343871593,-0.007046928163617849,0.026102717965841293,-0.00407013576477766,0.0028288946487009525,0.033833492547273636,-0.029455341398715973,-0.005560440011322498,0.04075700789690018,-0.04659704118967056,-0.01618068665266037,0.049345944076776505,-0.060282643884420395,-0.04126399755477905,0.004216948989778757,-0.004956651013344526,0.00250123324804008,0.007765364833176136,-0.03886900842189789,-0.003408340271562338,0.015049084089696407,-0.05942990630865097,-0.019853107631206512,0.020057879388332367,-0.07619824260473251,-0.046914711594581604,-0.01734974794089794,0.0012477673590183258,-0.0011137709952890873,-0.02073969505727291,-0.02831600420176983,-0.0076226438395679,-0.01633131317794323,-0.05206447094678879,-0.023438017815351486,-0.012187851592898369,-0.06842615455389023,-0.04602346569299698,-0.03189415857195854,0.014684775844216347,-0.009513354860246181,-0.0465380921959877,-0.006672525778412819,-0.009986994788050652,-0.05548795312643051,-0.02449624240398407,-0.021301163360476494,-0.06066789850592613,-0.036819204688072205,-0.03728845342993736
-0.0016167929861694574,0.0869157463312149,0.021522151306271553,0.02744448371231556,0.06307396292686462,0.008533807471394539,0.04547562450170517,0.042955271899700165,-0.002118506236001849,0.060426339507102966,0.013898462057113647,-0.017209870740771294,0.07014372944831848,-0.007940947078168392,-0.019351014867424965,0.025105435401201248,-0.00407289108261466,0.0013953038724139333,0.034279536455869675,-0.03184213116765022,-0.007104941178113222,0.03928421437740326,-0.04926491901278496,-0.01807156577706337,0.04653817415237427,-0.06508498638868332,-0.04378606379032135,0.004134065005928278,-0.005303763784468174,0.0020821066573262215,0.007676230743527412,-0.039742738008499146,-0.0029954921919852495,0.013270247727632523,-0.06489982455968857,-0.019824713468551636,0.016771415248513222,-0.08228493481874466,-0.04633275792002678,-0.016980618238449097,0.0010792647954076529,-0.00012781083933077753,-0.0184656772762537,-0.03016584739089012,-0.007740783505141735,-0.015180470421910286,-0.05404823273420334,-0.023592522367835045,-0.012598766013979912,-0.0710829347372055,-0.04479837790131569,-0.031446732580661774,0.015506092458963394,-0.006693830713629723,-0.04411214217543602,-0.008637125603854656,-0.009510445408523083,-0.05091076344251633,-0.02614779770374298,-0.019638260826468468,-0.05559918284416199,-0.039278026670217514,-0.035289216786623
-0.0035229648929089308,0.08977358788251877,0.019916372373700142,0.02722020074725151,0.06419848650693893,0.007855596952140331,0.04374794289469719,0.043725114315748215,-0.0037395006511360407,0.05731131136417389,0.013753047212958336,-0.019599175080657005,0.0654602125287056,-0.0088598458096385,-0.023830395191907883,0.025400884449481964,-0.004362893290817738,0.0015749763697385788,0.03435922786593437,-0.031605545431375504,-0.006969579495489597,0.03887243568897247,-0.048841193318367004,-0.017892533913254738,0.04553871974349022,-0.06447981297969818,-0.04470197483897209,0.004217003006488085,-0.005204424727708101,0.0019579394720494747,0.008490319363772869,-0.038661278784275055,-0.002657001605257392,0.01331960130482912,-0.06440689414739609,-0.01885184831917286,0.0180404931306839,-0.08171997219324112,-0.04548484832048416,-0.017874760553240776,0.00130511075258255,-0.0006626275135204196,-0.017816029489040375,-0.02965012937784195,-0.007429920602589846,-0.015163695439696312,-0.05373683571815491,-0.023346729576587677,-0.011465209536254406,-0.07196574658155441,-0.043199412524700165,-0.03201906383037567,0.016037940979003906,-0.007092092651873827,-0.0444568432867527,-0.007798093371093273,-0.010134774260222912,-0.050973277539014816,-0.024973496794700623,-0.020906560122966766,-0.0530145987868309,-0.0400802306830883,-0.037167955189943314
-0.0069559975527226925,0.09087880700826645,0.010380789637565613,0.024411572143435478,0.06499388068914413,0.001779095153324306,0.04226883873343468,0.04258481785655022,-0.008576697669923306,0.055306576192379,0.012143895961344242,-0.021830718964338303,0.06282476335763931,-0.011306214146316051,-0.02480468526482582,0.026492001488804817,-0.0036384635604918003,0.001465234556235373,0.03476552292704582,-0.03170217573642731,-0.006208886858075857,0.03912079334259033,-0.048975132405757904,-0.018309341743588448,0.04587983340024948,-0.06527820974588394,-0.04511218145489693,0.004415925592184067,-0.005079946480691433,0.002372020622715354,0.009357471950352192,-0.038890719413757324,-0.0026650303043425083,0.014958789572119713,-0.06328276544809341,-0.018921472132205963,0.01983325369656086,-0.08056458085775375,-0.04625072702765465,-0.018512466922402382,0.0008667606161907315,-0.00014156888937577605,-0.016979452222585678,-0.0312829464673996,-0.006796473171561956,-0.012971894815564156,-0.055215951055288315,-0.02294214628636837,-0.008546554483473301,-0.07317724823951721,-0.043774619698524475,-0.032999392598867416,0.01527705043554306,-0.007327489089220762,-0.044298067688941956,-0.009769119322299957,-0.01162038929760456,-0.05017895624041557,-0.027074037119746208,-0.024233689531683922,-0.05189303308725357,-0.043086521327495575,-0.039369769394397736
-0.007961122319102287,0.0908416137099266,0.010969538241624832,0.024907799437642097,0.06440814584493637,0.0034763917792588472,0.042601246386766434,0.041146233677864075,-0.006420596968382597,0.055994559079408646,0.010933433659374714,-0.019873088225722313,0.06208542361855507,-0.01352503802627325,-0.02382292039692402,0.027376046404242516,-0.004231225699186325,0.002332552568987012,0.034234143793582916,-0.03240809217095375,-0.005990187171846628,0.03900572657585144,-0.04949028044939041,-0.017669139429926872,0.04577219486236572,-0.06572668999433517,-0.043217387050390244,0.004534436389803886,-0.00544561306014657,0.002403981052339077,0.008815551176667213,-0.038817282766103745,-0.0033415036741644144,0.014512654393911362,-0.06162393093109131,-0.01939998008310795,0.019834931939840317,-0.07852296531200409,-0.04645129665732384,-0.018745632842183113,0.0017680415185168386,-0.0005173006211407483,-0.016497068107128143,-0.030140861868858337,-0.007421740330755711,-0.012648875825107098,-0.053471289575099945,-0.022823311388492584,-0.008083842694759369,-0.06999833881855011,-0.04339507594704628,-0.03398923948407173,0.015972716733813286,-0.007856417447328568,-0.04474472999572754,-0.008960111066699028,-0.012145483866333961,-0.05039742961525917,-0.025817304849624634,-0.02422451600432396,-0.05127947777509689,-0.041230250149965286,-0.039736565202474594
-0.0069169471971690655,0.09178061038255692,0.008800966665148735,0.025651806965470314,0.06501508504152298,0.0018349814927205443,0.04249890521168709,0.04199463874101639,-0.008645056746900082,0.055663567036390305,0.011161990463733673,-0.021998977288603783,0.06233338639140129,-0.013511663302779198,-0.026614582166075706,0.027156410738825798,-0.004207964055240154,0.002016095444560051,0.03442499786615372,-0.031873028725385666,-0.005624026525765657,0.03962404653429985,-0.04919126257300377,-0.017171010375022888,0.0459393672645092,-0.0655316635966301,-0.042264673858881,0.004457211121916771,-0.005619272124022245,0.0025754054076969624,0.009536359459161758,-0.038418617099523544,-0.002584288362413645,0.014986716210842133,-0.06198325380682945,-0.018223360180854797,0.020568016916513443,-0.07922181487083435,-0.04478064179420471,-0.01896308735013008,0.0016887630335986614,-0.00020898791262879968,-0.0165029838681221,-0.030130038037896156,-0.007404485251754522,-0.01264200359582901,-0.053554654121398926,-0.022435253486037254,-0.007599146571010351,-0.07034189254045486,-0.04295087605714798,-0.03398915007710457,0.015717901289463043,-0.007769792340695858,-0.04481704160571098,-0.008509950712323189,-0.012208024971187115,-0.05034436285495758,-0.025244615972042084,-0.02528495527803898,-0.05135253816843033,-0.040546271950006485,-0.04121023416519165
-0.008552792482078075,0.09247974306344986,0.009454787708818913,0.02372722141444683,0.06571029871702194,0.0017883472610265017,0.041706643998622894,0.042124196887016296,-0.008587654680013657,0.05479368194937706,0.010958930477499962,-0.02289418689906597,0.06162840500473976,-0.01399087905883789,-0.027482684701681137,0.02743036113679409,-0.004338439088314772,0.0022884926293045282,0.03455572947859764,-0.0324852392077446,-0.0060430485755205154,0.039753541350364685,-0.05015009641647339,-0.01801563985645771,0.04655136168003082,-0.0664474219083786,-0.04343093931674957,0.0044475458562374115,-0.005762049928307533,0.0024859141558408737,0.009342283941805363,-0.03962002694606781,-0.0032339440658688545,0.014932599849998951,-0.06280254572629929,-0.019460858777165413,0.020472213625907898,-0.07994125783443451,-0.04592211917042732,-0.01867476850748062,0.0019701169803738594,-0.0002958966069854796,-0.016643427312374115,-0.03052441030740738,-0.008299578912556171,-0.012322457507252693,-0.05354970693588257,-0.024027686566114426,-0.0069627221673727036,-0.07014061510562897,-0.04441297426819801,-0.03397481143474579,0.016268309205770493,-0.007822184823453426,-0.04441073536872864,-0.00841900147497654,-0.013124686665832996,-0.04984121397137642,-0.02529897727072239,-0.02703949250280857,-0.05055071413516998,-0.039931006729602814,-0.04367216303944588
-0.008032218553125858,0.09228435158729553,0.006908272858709097,0.02444799430668354,0.0654919371008873,0.0007173262420110404,0.04200572893023491,0.041810039430856705,-0.00939184334129095,0.05489905923604965,0.010846951976418495,-0.022771529853343964,0.06135362386703491,-0.013874456286430359,-0.027003630995750427,0.027014857158064842,-0.0040113916620612144,0.002716834656894207,0.0344674289226532,-0.03280097618699074,-0.005158173851668835,0.039602477103471756,-0.049917854368686676,-0.017277929931879044,0.04640708118677139,-0.06589660793542862,-0.042372435331344604,0.004325902089476585,-0.005867345724254847,0.0025943107903003693,0.009171757847070694,-0.03970798850059509,-0.002887961221858859,0.014545844867825508,-0.06272823363542557,-0.01859656348824501,0.020345225930213928,-0.08024527132511139,-0.04527486860752106,-0.01883016712963581,0.001828912878409028,-0.00022312924556899816,-0.016659148037433624,-0.030645163729786873,-0.008283812552690506,-0.012510335072875023,-0.05373847484588623,-0.023449765518307686,-0.007326783612370491,-0.07082831859588623,-0.04442290961742401,-0.0337643064558506,0.015836378559470177,-0.008316516876220703,-0.044342491775751114,-0.008819641545414925,-0.013429693877696991,-0.04969627782702446,-0.0258499626070261,-0.027125751599669456,-0.050066396594047546,-0.04108491539955139,-0.043426427990198135
